dependencia;nombre
28;"EXITO DEL ESTE"
30;"EXITO BELLO"
31;"EXITO COLOMBIA"
33;"EXITO POBLADO"
34;"TIENDA VIRTUAL EXITO"
35;"EXITO ENVIGADO"
37;"EXITO LAURELES"
39;"EXITO SAN ANTONIO"
40;"EXITO ITAGUI"
41;"EXITO BARRANQUILLA"
42;"EXITO RIONEGRO"
43;"EXITO SINCELEJO"
44;"EXITO CARTAGENA"
45;"EXITO APARTADO"
46;"EXITO OCANA"
47;"EXITO BARRANQUI.METROPOLITANO"
51;"EXITO SAN FERNANDO"
53;"EXITO SIMON BOLIVAR"
54;"EXITO LA FLORA"
56;"EXITO UNICALI"
58;"EXITO PASTO"
62;"EXITO PARQUE ARBOLEDA"
63;"EXITO PEREIRA"
64;"EXITO TULUA"
65;"EXITO UNICENTRO ARMENIA"
67;"EXITO BUENAVENTURA"
68;"EXITO TOLU"
71;"EXITO BUCARAMANGA"
73;"EXITO ARANJUEZ"
74;"CARULLA SAN JERONIMO"
75;"EXITO MAYORCA"
79;"EXITO VIVA TUNJA"
81;"EXITO COUNTRY"
82;"EXITO SAN MARTIN"
83;"EXITO VILLA MAYOR"
84;"EXITO AMERICAS"
86;"EXITO CALLE 80"
87;"EXITO EXPRESS HORIZONTES"
88;"EXITO LA COLINA"
89;"EXITO FONTIBON"
90;"EXITO FACATATIVA"
91;"EXITO OCCIDENTE"
92;"EXITO NORTE"
93;"EXITO SUBA"
94;"EXITO CHAPINERO"
95;"EXITO SABANETA"
96;"EXITO FUSAGASUGA"
97;"EXITO USME"
98;"EXITO ROBLEDO"
105;"SURTIMAX DINDALITO"
110;"EXITO EXPRESS EMBAJADA"
135;"EXITO YOPAL"
156;"EXITO IBAGUE"
157;"EXITO SAN PEDRO NEIVA"
158;"EXITO ZIPAQUIRA"
159;"EXITO LA SABANA VILLAVICENCIO"
165;"SURTIMAX RIONEGRO"
170;"TELEFONIA MOVIL EXITO RETAIL"
171;"EXITO SOLEDAD"
172;"EXITO MAGANGUE"
173;"EXITO ECOPLAZA MOSQUERA"
174;"EXITO PEREIRA CUBA"
175;"EXITO FLORENCIA"
176;"EXITO CAREPA"
177;"EXITO TURBO"
180;"EXITO BARRANCABERMEJA"
183;"EXITO EXPRESS VARIANTE CALDAS"
188;"EXITO EXPRESS CIUDAD REAL"
197;"EXITO EXPRESS CIUDAD DEL RIO"
224;"SURTIMAX BRITALIA"
226;"CARULLA VECINO TABORA"
230;"ESTACION SERVICIO CEDI VEGAS"
231;"ESTACION SERVICIO EXITO BELLO"
232;"ESTACION SERVICIO EXITO CLL 80"
233;"ESTACION SERVICIO EXITO FONTIB"
236;"ESTACION SERVICIO EXITO COLINA"
237;"ESTACION SERVICIO S.PEDRO NEIV"
238;"ESTACION SERVICIO EXITO NORTE"
239;"ESTACION SERVICIO EXT.VILLAMAY"
240;"ESTACION SERVICIO EXT.AMERICAS"
242;"EST. SERVICIO EXITO LA SIERRA"
243;"EDS EXITO NUEVO BOSQUE"
247;"ESTACION SERVICIO EL CARMEN"
249;"EST.SERVICIO VARIANTE CALDAS"
250;"EXITO SAN BLAS BARRANQUILLA"
252;"ESTACION SERVICIO EL CORRAL"
257;"EXITO EJECUTIVOS"
258;"EXITO SANTA MARTA CENTRO"
259;"EXITO LIBERTADOR"
262;"CARULLA MONTERIA NORTE"
264;"EXITO SINCELEJO CENTRO"
265;"EXITO CAUCASIA"
266;"EXITO VALLEDUPAR CENTRO"
272;"EXITO EXPRESS CALLE 97"
275;"EXITO BELLO CENTRO"
276;"EXITO JUNIN"
277;"EXITO EXPRESS CRA 7 CON 60"
280;"CARULLA VILLA COUNTRY"
281;"EXITO FLORESTA (CAF)"
282;"EXITO TINTAL (CAF)"
283;"EXITO NUEVO KENNEDY (CAF)"
284;"EXITO VEINTE DE JULIO (CAF)"
287;"EXITO QUIRINAL (CAF)"
289;"EXITO MODELIA (CAF)"
290;"EXITO CENTENARIO (CAF)"
291;"EXITO RESTREPO (CAF)"
294;"CARULLA SAN RAFAEL (CAF)"
297;"CARULLA PASADENA (CAF)"
301;"EXITO EXPRESS COLSEGUROS (CAF)"
302;"EXITO CIUDAD TUNAL"
303;"EXITO UNICENTRO BOGOTA"
307;"EXITO PLAZA SALITRE"
311;"SURTIMAX BRASIL BOSA"
319;"EXITO BUCARAMANGA CABECERA"
320;"EXITO CANAVERAL FLORIDA B"
322;"EXITO BUCARAMANGA CENTRO"
325;"EXITO AVENIDA QUINTA CUCUTA"
328;"EXITO NEIVA CENTRO"
330;"EXITO VILLAVICENCIO CENTRO"
333;"SURTIMAX LA CEJA"
334;"CARULLA MANIZALES"
338;"CARULLA OVIEDO"
339;"CARULLA PALMAS"
340;"CARULLA PINAR DEL RIO"
341;"CARULLA SAO PAULO"
348;"CARULLA AUTOPISTA 184"
350;"CARULLA BELMIRA"
351;"CARULLA POLO CLUB"
352;"EXITO ORIENTAL BUCARAMANGA CV"
353;"EXITO SAN MATEO CUCUTA (CV)"
354;"EXITO LAS FLORES VALLEDUPAR CV"
355;"EXITO DIVERPLAZA"
356;"EXITO GRAN ESTACION (CV)BOGOTA"
357;"EXITO ALAMEDAS DEL SINU MONTER"
358;"EXITO UNICENTRO VILLAVICENCIO"
360;"EXITO EXPRESS CRA 19 CON 145"
362;"EXITO BUENA VISTA (CV) BLLA"
363;"EXITO BUENA VISTA SANTA MARTA"
364;"CARULLA CALLE 77 BARRANQUILLA"
366;"EXITO MURILLO (CV)BARRANQUILLA"
367;"EXITO SAN DIEGO CARTAGENA (CV)"
368;"EXITO SAN FRANCISCO (CV) BLLA"
369;"EXITO PANORAMA CL30 (CV) BQLLA"
370;"EXITO CASTELLANA CARTAGENA (CV"
376;"EXITO BOSA"
378;"EXITO PIEDECUESTA"
379;"EXITO PITALITO"
382;"SURTIMAX FREDONIA"
383;"EXITO MANIZALES"
384;"EXITO LA CEJA"
385;"EXITO DUAL RIOHACHA"
402;"EXITO CHIPICHAPE"
404;"CARULLA EXPRESS MALL 138"
405;"CARULLA CALLE 127 (CAF)"
406;"CARULLA EL RETIRO (CAF)"
407;"EXITO MELGAR (CAF)"
408;"EXITO SANDIEGO"
409;"EXITO UNICENTRO MEDELLIN"
411;"EXITO EXPRESS CALLE 140"
415;"EXITO IPIALES"
420;"EXITO SANCANCIO"
422;"EXITO PASTO CENTRO"
430;"EXITO POPAYAN CENTRO"
431;"BODEGA MAYORISTA MONTEVIDEO"
434;"SURTIMAX CASA BLANCA"
435;"EXITO PANAMERICANA POPAYAN"
444;"EXITO GIRARDOT CARRERA 10"
449;"CARULLA VECINO LA ESPANOLA"
450;"SURTIMAX SAN ANTONIO"
452;"CARULLA EXPRESS VILLA GRANDE"
453;"SURTIMAX SANTA FE DE ANTIOQUIA"
459;"EXITO EXPRESS BIMA"
468;"CARULLA EXPRESS CEDRITOS"
470;"SURTIMAX NUEVA ROMA"
474;"SURTIMAX TRINITARIA"
482;"EXITO AVENTURA"
483;"EXITO FONTANAR CHIA"
497;"EXITO EXPRESS 12 CON 144"
502;"EXITO BELEN"
505;"EXITO DE LA 70"
508;"EXITO MARACAIBO"
512;"EXITO ENVIGADO CENTRO"
514;"EXITO MOLINOS"
516;"SURTIMAX CENTRO DE LA MODA"
517;"CARULLA VILLA DEL PRADO"
518;"CARULLA CENTRO CHIA"
523;"SURTIMAX BUENOS AIRES"
525;"CARULLA ROSALES"
526;"CARULLA SAN NICOLAS"
527;"CARULLA SOLEDAD"
530;"CARULLA EXPRESS CAMPIN"
531;"CARULLA EXPRESS CAOBOS"
532;"CARULLA EXPRESS CAROLINA"
533;"CARULLA EXPRESS MANGA"
534;"CARULLA CALLE 86 B/QUILLA"
535;"CARULLA LA MINA"
537;"CARULLA CALLE 63"
538;"CARULLA SANTA LUCIA"
539;"CARULLA VILLA SUSANA"
540;"CARULLA EXPRESS PORTADA AL MAR"
542;"CARULLA LLANO GRANDE"
543;"CARULLA EXPRESS LAS VILLAS"
544;"CARULLA EXPRESS PUENTE LARGO"
546;"CARULLA ALHAMBRA"
548;"CARULLA CALLE 140"
549;"CARULLA CALLE 147"
550;"CARULLA CEDRO BOLIVAR"
552;"CARULLA VISITACION"
554;"EXITO LAS NIEVES"
556;"EXITO NIZA"
557;"CARULLA EXPRESS CALLE 167"
558;"EXITO PLAZA BOLIVAR"
561;"CARULLA COLINA"
562;"CARULLA COUNTRY"
563;"CARULLA GALERIAS"
564;"CARULLA NIZA"
565;"CARULLA PABLO VI"
566;"CARULLA PASEO REAL"
567;"CARULLA PEPE SIERRA"
568;"CARULLA QUINTA CAMACHO"
569;"CARULLA RINCON DE LA COLINA"
571;"SURTIMAX GACHANCIPA"
573;"SURTIMAX TOCANCIPA"
574;"EXITO DUITAMA"
575;"SURTIMAX SAN MATEO"
576;"SURTIMAX CAJICA"
577;"SURTIMAX SOPO"
578;"EXITO SOGAMOSO"
579;"SURTIMAX COMPARTIR SOACHA"
580;"EXITO TUNJA"
581;"CARULLA SANTA BARBARA"
582;"CARULLA CALLE 47"
584;"EXITO CIUDAD JARDIN"
585;"CARULLA CORTIJO"
586;"EXITO ESPERANZA"
594;"CARULLA PANCE CALI"
595;"CARULLA SAN FERNANDO"
596;"CARULLA TRADE CENTER"
599;"CARULLA CALLE 82"
603;"EXITO BUGA"
606;"SURTIMAX CARBONEL"
616;"EXITO PALMETO"
617;"BO. MAYORISTA PLAZA DE FLORES"
618;"MISURTII FUNZA 1"
620;"EXITO PALMIRA"
623;"SURTIMAX SANTA RITA"
628;"EXITO ARMENIA"
629;"CARULLA ARRECIFE"
633;"CARULLA CITY PLAZA"
634;"CARULLA CASTILLO GRANDE"
647;"CARULLA RAMBLAS"
650;"EXITO CRA. 8 CALI"
657;"EXITO EXP CRA 15 CON 100 T.ALI"
665;"CARULLA ZAZUE"
667;"CARULLA PENALISA"
670;"CARULLA EXPRESS CALLE ROMAN"
702;"CARULLA NOGAL"
703;"SURTIMAX LA CALERA"
707;"CARULLA CALLE 110"
710;"CARULLA BELLA SUIZA"
713;"CARULLA CALLE 102"
725;"CARULLA POBLADO"
726;"CARULLA TESORO"
727;"CARULLA RINCON DE OVIEDO"
728;"CARULLA SAN LUCAS"
729;"CARULLA LAURELES"
732;"CARULLA CIUDAD JARDIN"
744;"BODEGA MAYORISTA CUCUTA"
745;"SURTIMAX TRIANON"
758;"SURTIMAX SAN JAVIER METRO"
759;"SURTIMAX AMAGA"
765;"SURTIMAX ZAMORA"
768;"SURTIMAX EL SOCORRO"
775;"SURTIMAX CHUNIZA"
781;"SURTIMAX EL RECREO BOSA"
817;"ESTACION SERV. EXITO MAGANGUE"
818;"ESTACION SERVICIO SALENTO"
819;"ESTACION SERVICIO ZOFIA"
831;"ALIADOS SURTIMAX BOGOTA"
832;"ESTACION SERVICIO EXITO FUNZA"
833;"EST.SERVICIO EXITO LAS RAMBLAS"
834;"ALIADOS SURTIMAX FUNZA"
836;"ESTACION SERV. EXITO LA SELVA"
838;"EST.SERVICIO EL RETIRO"
885;"ALIADOS SURTIMAX COSTA 1"
886;"CARULLA LA CALERA"
924;"MOVIL EXITO RED TIGO"
930;"ALIADOS SURTIMAX ANTIOQUIA"
947;"ALIADOS SUPER INTER EJE CAFETE"
4025;"EXITO SOACHA"
4027;"EXITO UNICENTRO NEIVA"
4028;"EXITO PLAZA 77 SUR"
4029;"EXITO LA FELICIDAD"
4033;"EXITO LORICA"
4035;"EXITO NUESTRO CARTAGO"
4036;"EXITO SABANALARGA"
4037;"EXITO PASEO DEL PUENTE"
4038;"EXITO.COM VEGAS"
4039;"EXITO UNICENTRO GIRARDOT"
4040;"EXITO LA CENTRAL"
4042;"EXITO INDIANA MALL"
4043;"EXITO MALL PLAZA NQS"
4044;"EXITO FLORENCIA CENTRO"
4047;"EXITO CHIQUINQUIRA"
4048;"EXITO LA DORADA"
4049;"EXITO JAMUNDI"
4050;"EXITO EL ENSUENO"
4051;"EXITO PARQUE FABRICATO"
4052;"EXITO NUESTRO BOGOTA"
4053;"EXITO CALLE 28"
4054;"EXITO LLANOGRANDE PALMIRA"
4056;"EXITO SUPERCENTRO TULUA"
4057;"EXITO CRESPO"
4058;"EXITO VALLE DEL LILI"
4060;"LA TIENDA EXITO WOW"
4065;"EXITO SAN PEDRO DE LOS MILAGRO"
4067;"EXITO SAN JAVIER"
4068;"EXITO PRIMAVERA CALLE 80"
4069;"EXITO PARQUE FONTIBON"
4070;"EXITO GARDEL"
4071;"EXITO PRADILLA"
4072;"EXITO PUERTO BERRIO"
4079;"EXITO ACOPI"
4081;"CARULLA ACACIAS"
4082;"EXITO CIUDADELA"
4084;"CARULLA MALAMBO CALLE 10"
4086;"EXITO MELENDEZ"
4087;"EXITO CARRERA 10 JAMUNDI"
4088;"EXITO AQUARELA"
4089;"CARULLA LOS PATIOS"
4090;"CARULLA GUADALUPE"
4093;"EXITO TURBACO"
4096;"CARULLA VILLA VERDE"
4097;"CARULLA VILLA OLIMPICA"
4099;"CARULLA FERIA DE LOS PLATANOS"
4142;"EXITO.COM CARIBE"
4143;"EXITO.COM YUMBO"
4145;"CARULLA.COM VEGAS"
4146;"CARULLA.COM CARIBE"
4148;"CARULLA.COM YUMBO"
4166;"EXITO EXPRESS VEREDA CANELON"
4171;"EXITO EXPRESS PRADERAS DE SUBA"
4179;"EXITO EXPRESS CALLE 119 CON 13"
4185;"EXITO EXPRESS EDS EL CARMEN"
4187;"EXITO EXPRESS CRA24 CON 83"
4198;"EXITO.COM FUNZA"
4199;"CARULLA.COM FUNZA"
4206;"CARULLA GUAYACANES"
4207;"SUPER INTER LA COMETA"
4208;"SUPER INTER POPALA"
4210;"SUPER INTER POPULAR"
4212;"SUPER INTER EXPRESS AV. SEXTA"
4213;"SUPER INTER UNICO YUMBO"
4214;"SUPER INTER PASARELA"
4215;"SUPER INTER VILLA COLOMBIA"
4216;"SUPER INTER EL SEMBRADOR"
4218;"SUPER INTER UNICO SALOMIA"
4219;"CARULLA AVENIDA COLOMBIA"
4223;"SUPER INTER SILOE"
4225;"SUPER INTER LA LUNA"
4226;"SUPER INTER LA UNION"
4227;"SUPER INTER EL ACUARIO"
4232;"SUPER INTER SAN FERNANDO"
4233;"SUPER INTER VALDEMORO"
4234;"CARULLA ARMENIA NORTE"
4235;"SUPER INTER LAS AMERICAS"
4237;"SUPER INTER CALARCA"
4238;"SUPER INTER CAICEDONIA"
4239;"CARULLA ARMENIA PLAZA"
4240;"SUPER INTER LA TEBAIDA"
4241;"SUPER INTER CIRCASIA"
4243;"SUPER INTER CARTAGO"
4244;"SUPER INTER LA TIENDA"
4245;"SUPER INTER DOS QUEBRADAS"
4246;"SUPER INTER SANTA ISABEL"
4248;"SUPER INTER PEREIRA CENTRO"
4250;"SUPER INTER LA CAPILLA"
4252;"SUP. INTER SANTA ROSA DE CABAL"
4256;"OUTLET EXITO JUNIN"
4261;"SUPER INTER INDEPENDENCIA"
4262;"SUPER INTER BUENOS AIRES"
4266;"SUPER INTER EXPRESS LA FLORA"
4270;"SUPER INTER CENTENARIO"
4271;"SUPER INTER PRIMAVERA"
4273;"SUPER INTER MANIZALES CENTRO"
4279;"SUPER INTER CHIPRE"
4280;"SUPER INTER VILLA DEL PILAR"
4284;"EXITO.COM MONTERIA"
4289;"CARULLA.COM MONTERIA"
4296;"EXITO.COM PEREIRA"
4298;"CARULLA.COM PEREIRA"
4302;"SUPER INTER ALTA SUIZA"
4304;"SUPER INTER VILLA MARIA"
4319;"TURBO CARULLA EL ROSAL"
4321;"TURBO CARULLA MANIZALES"
4323;"TURBO CARULLA PRADO VERANIEGO"
4332;"EXITO.COM GIRON"
4333;"CARULLA.COM GIRON"
4358;"BOUTIQUE EXITO MOLINOS"
4381;"SURTIMAX CAMINO VERDE"
4434;"MARKETPLACE EXITO.COM"
4437;"TURBO CARULLA LA CASTELLANA"
4438;"TURBO CARULLA LA FRONTERA"
4442;"TURBO CARULLA MAR DEL NORTE"
4445;"TURBO CARULLA ENGATIVA OCCIDEN"
4447;"TURBO CARULLA GRANADA NORTE"
4455;"TURBO CARULLA CHIA"
4458;"TURBO CARULLA COMUNEROS"
4459;"TURBO CARULLA ESPERANZA"
4460;"TURBO CAR PARQ CENTRAL BAVARIA"
4461;"TURBO CARULLA MODELIA"
4462;"TURBO CARULLA CABECERA D LLANO"
4463;"TURBO CARULLA VERBENAL"
4467;"TURBO CARULLA AMERICAS"
4471;"TURBO CARULLA ENVIGADO ALTO"
4472;"TURBO CARULLA BOCAGRANDE"
4474;"TURBO CARULLA MANILA"
4475;"TURBO CARULLA EL POBLADO BQUIL"
4476;"TURBO CARULLA EL PRADO BQUILLA"
4477;"TURBO CARULLA ENVIGADO BAJO"
4484;"TURBO CARULLA LA MOTA"
4485;"TURBO CARULLA LA PLAYA"
4486;"TURBO CARULLA LAS COLINAS"
4487;"TURBO CARULLA LAURELES"
4489;"TURBO CARULLA MANGA"
4491;"TURBO CARULLA SABANETA"
4493;"TURBO CARULLA SUBA TURINGIA"
4494;"TURBO CARULLA TITAN"
4496;"TURBO CARULLA VILLA DE ANDALUC"
4498;"TURBO CARULLA PARQUE DEL PERRO"
4499;"TURBO CARULLA SAN VICENTE"
4500;"TURBO CARULLA CD. JARDIN CALI"
4523;"SURTIMAX CHAPINERO"
4524;"SURTIMAX LIJACA"
4534;"SURTIMAX CALDAS"
4539;"SURTIMAX SANTA ISABEL"
4546;"ALIADOS SURTIMAX COSTA 2"
4547;"ALIADOS SURTIMAX COSTA 3"
4548;"ALIADOS SURTIMAX COSTA 4"
4559;"SURTIMAX GUATAPE"
4571;"TURBO CARULLA ARMENIA"
4573;"TURBO CARULLA ALAMEDA"
4575;"TURBO CARULLA IBAGUE"
4576;"TURBO CARULLA BAVARIA"
4577;"TURBO CARULLA VILLAVICENCIO"
4578;"TURBO CARULLA QUINTA CAMACHO"
4581;"TURBO CARULLA LA CABANA"
4582;"TURBO CARULLA GUAYABAL"
4585;"TURBO CARULLA RODADERO"
4587;"TURBO CARULLA VALLEDUPAR"
4590;"MOVIL EXITO RED CLARO"
4615;"MISURTII COSTA 1"
4617;"MISURTII COSTA 2"
4619;"MISURTII COSTA 4"
4622;"MISURTII FUNZA 2"
4626;"MISURTII EJE CAFETERO"
4629;"MISURTII ANTIOQUIA"
4651;"MISURTII ANTIOQUIA 2"
4652;"MISURTII EJE CAFETERO 2"
4654;"MISURTII FUNZA 6"
4657;"TURBO CARULLA CANAVERAL"
4663;"CARULLA EXPRESS 106 SQUARE"
4664;"CARULLA EXPRESS MARIANITO"
4665;"CARULLA EXPRESS EDS LA SIERRA"
4668;"CARULLA EXPRESS PE?ON"
4669;"CARULLA EXPRESS PARQUE POBLADO"
4670;"CARULLA GRAN VIA"
4693;"CARULLA EXPRESS SAN PATRICIO"
4701;"SURTIMAYORISTA CORABASTOS"
4702;"EXITO MAYORISTA YOPAL CENTRO"
4703;"EXITO MAYORISTA VILLAVICENCIO"
4704;"SURTIMAYORISTA RESTREPO"
4705;"SURTIMAYORISTA CLARET"
4706;"SURTIMAYORISTA MACARENA"
4707;"SURTIMAYORISTA ZARZAMORA"
4709;"SURTIMAYORISTA AUTOPISTA SUR"
4710;"SURTIMAYORISTA CHIA"
4711;"SURTIMAYORISTA QUIRIGUA"
4713;"SURTIMAYORISTA SAN BLAS"
4714;"SURTIMAYORISTA ENGATIVA"
4717;"SURTIMAYORISTA FACATATIVA"
4718;"SURTIMAYORISTA ZIPAQUIRA"
4719;"SURTIMAYORISTA LEON XIII"
4720;"SURTIMAYORISTA TUNJUELITO"
4721;"SURTIMAYORISTA PRADO VERANIEGO"
4722;"SURTIMAYORISTA EL DIVINO"
4723;"CARULLA CASTILLA BOGOTA"
4724;"SURTIMAYORISTA ORQUIDEAS"
4725;"SURTIMAYORISTA FUNZA"
4726;"SURTIMAYORISTA MADRID"
4727;"SURTIMAYORISTA SAN CRISTOBAL"
4728;"SURTIMAYORISTA AVENIDA ROJAS"
4729;"SURTIMAYORISTA CAMPINA"
4730;"SURTIMAYORISTA KENNEDY"
4731;"SURTIMAYORISTA SOACHA"
4732;"SURTIMAYORISTA TREBOLIS"
4733;"SURTIMAYORISTA ESPINAL"
4734;"SURTIMAYORISTA GIRARDOT"
4737;"SURTIMAYORISTA PERDOMO"
4738;"SURTIMAYORISTA LA PAZ BOSA"
4739;"SURTIMAYORISTA MACAREGUA"
4740;"SURTIMAYORISTA SANTA LIBRADA"
4742;"SURTIMAYORISTA CIUDAD VERDE"
4744;"SURTIMAYORISTA SANTA ANA"
4745;"EXITO MAYORISTA VILLA NUEVA"
4747;"SURTIMAYORISTA BARRANCA LA 60"
4754;"EXITO PUERTO GAITAN"
4765;"SURTIMAYORISTA PLAZA SATELITE"
4767;"EXITO GRANADA"
4772;"SURTIMAYORISTA LA PARADA"
4776;"CARULLA EXPRESS LA AMERICA"
4777;"CARULLA EXPRESS NUTIBARA"
4778;"CARULLA EXPRESS LAURELES"
4780;"CARULLA LA MESA"
4781;"CARULLA LA MARIA"
4783;"CARULLA CASTILLA"
4799;"CARULLA PASOANCHO"
4800;"CARULLA CIUDAD DEL MAR"
4801;"CARULLA VIVA PALMAS"
4804;"CARULLA BELLAVISTA"
4805;"CARULLA SAN MARCEL"
4806;"CARULLA ISLA NATURA"
4809;"CARULLA PRIMAVERA URBANA"
4811;"CARULLA PEREIRA CERRITOS"
4812;"CARULLA PEREIRA PINARES"
4813;"CARULLA BACATA"
4814;"CARULLA SMARTMARKET"
4816;"CARULLA MALL PLAZA BUENAVISTA"
4817;"CARULLA PLAZA CLARO"
4818;"CARULLA PRADERA DE POTOSI"
4821;"CARULLA EXPRESS CALLE MONEDA"
4822;"CARULLA EXPRESS CALLE 109"
4823;"CARULLA EXPRESS PORTON RETIRO"
4824;"CARULLA EXPRESS RICAURTE"
4825;"CARULLA EXPRESS SIBERIA"
4826;"CARULLA EXPRESS LAS VELAS"
4827;"CARULLA EXPRESS PRESENTE STA M"
4828;"CARULLA EXPRESS CALLE 90"
4829;"CARULLA EXPRESS DIVINA EUCARIS"
4830;"CARULLA EXPRESS SAN AGUSTIN"
4831;"CARULLA EXPRESS COSTA AZUL"
4832;"CARULLA EXPRESS CALLE 4TA"
4833;"CARULLA EXPRESS RODADERO SUR"
4836;"CARULLA EXPRESS PONTEVEDRA"
4837;"CARULLA EXPRESS CIELO MAR"
4838;"CARULLA EXPRESS MALL CABECERAS"
4839;"CARULLA EXPRESS CARRERA 7"
4841;"TURBO CARULLA EL LAGO"
4842;"TURBO CARULLA CHAPINERO"
4843;"TURBO CARULLA PARQUE 93"
4844;"TURBO CARULLA SAN PATRICIO"
4845;"TURBO CARULLA LIMONAR"
4846;"TURBO CARULLA CEDRITOS"
4847;"TURBO CARULLA COUNTRY"
4848;"TURBO CARULLA NIZA"
4849;"TURBO CARULLA COLINA"
4851;"TURBO CARULLA ISERRA 100"
4852;"TURBO CARULLA PALERMO"
4854;"TURBO CARULLA TESORO"
4857;"TURBO CARULLA BARRANCAS"
4859;"TURBO CARULLA USAQU?N CLLE 120"
4869;"CARULLA EXPRESS CARRERA 15"
4874;"CARULLA EXPRESS PASADENA"
4875;"CARULLA EXPRESS SALITRE"
4876;"CARULLA EXPRESS CORFERIAS"
4877;"CARULLA EXPRESS EDS EL RETIRO"
4878;"CARULLA EXPRESS LOMA ESCOBERO"
